id,source,player,team,position,injury,status,text,url,timestamp
nfl_w15_brandon_dorlus,NFL.com,Brandon Dorlus,Falcons,DT,groin,Questionable,Brandon Dorlus (Groin) - Questionable,https://www.nfl.com/injuries/,2025-12-10T17:50:16.328409
nfl_w15_kaden_elliss,NFL.com,Kaden Elliss,Falcons,LB,unspecified,Listed,Kaden Elliss - Full Participation in Practice,https://www.nfl.com/injuries/,2025-12-10T17:50:16.328409
nfl_w15_leonard_floyd,NFL.com,Leonard Floyd,Falcons,LB,unspecified,Listed,Leonard Floyd - Limited Participation in Practice,https://www.nfl.com/injuries/,2025-12-10T17:50:16.328409
nfl_w15_khadarel_hodge,NFL.com,KhaDarel Hodge,Falcons,WR,unspecified,Listed,KhaDarel Hodge - Full Participation in Practice,https://www.nfl.com/injuries/,2025-12-10T17:50:16.328409
nfl_w15_chris_lindstrom,NFL.com,Chris Lindstrom,Falcons,G,unspecified,Listed,Chris Lindstrom - Full Participation in Practice,https://www.nfl.com/injuries/,2025-12-10T17:50:16.328409
nfl_w15_drake_london,NFL.com,Drake London,Falcons,WR,knee,Out,Drake London (Knee) - Out,https://www.nfl.com/injuries/,2025-12-10T17:50:16.328409
nfl_w15_jake_matthews,NFL.com,Jake Matthews,Falcons,T,unspecified,Listed,Jake Matthews - Limited Participation in Practice,https://www.nfl.com/injuries/,2025-12-10T17:50:16.328409
nfl_w15_david_onyemata,NFL.com,David Onyemata,Falcons,DT,foot,Questionable,David Onyemata (Foot) - Questionable,https://www.nfl.com/injuries/,2025-12-10T17:50:16.328409
nfl_w15_kyle_pitts,NFL.com,Kyle Pitts,Falcons,TE,knee,Questionable,Kyle Pitts (Knee) - Questionable,https://www.nfl.com/injuries/,2025-12-10T17:50:16.328409
nfl_w15_a.j._terrell,NFL.com,A.J. Terrell,Falcons,CB,unspecified,Listed,A.J. Terrell - Full Participation in Practice,https://www.nfl.com/injuries/,2025-12-10T17:50:16.328409
nfl_w15_jalon_walker,NFL.com,Jalon Walker,Falcons,LB,quadricep,Questionable,Jalon Walker (Quadricep) - Questionable,https://www.nfl.com/injuries/,2025-12-10T17:50:16.328409
nfl_w15_ben_bredeson,NFL.com,Ben Bredeson,Buccaneers,G,unspecified,Listed,Ben Bredeson - Did Not Participate In Practice,https://www.nfl.com/injuries/,2025-12-10T17:50:16.328409
nfl_w15_sirvocea_dennis,NFL.com,SirVocea Dennis,Buccaneers,LB,hip,Out,SirVocea Dennis (Hip) - Out,https://www.nfl.com/injuries/,2025-12-10T17:50:16.328409
nfl_w15_mike_evans,NFL.com,Mike Evans,Buccaneers,WR,collarbone,Questionable,Mike Evans (Collarbone) - Questionable,https://www.nfl.com/injuries/,2025-12-10T17:50:16.328409
nfl_w15_chris_godwin_jr.,NFL.com,Chris Godwin Jr.,Buccaneers,WR,unspecified,Listed,Chris Godwin Jr. - Limited Participation in Practice,https://www.nfl.com/injuries/,2025-12-10T17:50:16.328409
nfl_w15_bucky_irving,NFL.com,Bucky Irving,Buccaneers,RB,unspecified,Listed,Bucky Irving - Full Participation in Practice,https://www.nfl.com/injuries/,2025-12-10T17:50:16.328409
nfl_w15_christian_izien,NFL.com,Christian Izien,Buccaneers,S,unspecified,Listed,Christian Izien - Full Participation in Practice,https://www.nfl.com/injuries/,2025-12-10T17:50:16.328409
nfl_w15_baker_mayfield,NFL.com,Baker Mayfield,Buccaneers,QB,unspecified,Listed,Baker Mayfield - Full Participation in Practice,https://www.nfl.com/injuries/,2025-12-10T17:50:16.328409
nfl_w15_jalen_mcmillan,NFL.com,Jalen McMillan,Buccaneers,WR,neck,Questionable,Jalen McMillan (Neck) - Questionable,https://www.nfl.com/injuries/,2025-12-10T17:50:16.328409
nfl_w15_benjamin_morrison,NFL.com,Benjamin Morrison,Buccaneers,CB,unspecified,Listed,Benjamin Morrison - Full Participation in Practice,https://www.nfl.com/injuries/,2025-12-10T17:50:16.328409
nfl_w15_cade_otton,NFL.com,Cade Otton,Buccaneers,TE,knee,Doubtful,Cade Otton (Knee) - Doubtful,https://www.nfl.com/injuries/,2025-12-10T17:50:16.328409
nfl_w15_haason_reddick,NFL.com,Haason Reddick,Buccaneers,LB,unspecified,Listed,Haason Reddick - Full Participation in Practice,https://www.nfl.com/injuries/,2025-12-10T17:50:16.328409
nfl_w15_tykee_smith,NFL.com,Tykee Smith,Buccaneers,S,neck,Doubtful,"Tykee Smith (Neck, Shoulder) - Doubtful",https://www.nfl.com/injuries/,2025-12-10T17:50:16.328409
nfl_w15_tristan_wirfs,NFL.com,Tristan Wirfs,Buccaneers,T,unspecified,Listed,Tristan Wirfs - Full Participation in Practice,https://www.nfl.com/injuries/,2025-12-10T17:50:16.328409
nfl_w15_rashad_wisdom,NFL.com,Rashad Wisdom,Buccaneers,S,quadricep,Out,Rashad Wisdom (Quadricep) - Out,https://www.nfl.com/injuries/,2025-12-10T17:50:16.328409
nfl_w15_marquise_brown,NFL.com,Marquise Brown,Chargers,WR,unspecified,Listed,Marquise Brown - Did Not Participate In Practice,https://www.nfl.com/injuries/,2025-12-10T17:50:16.328409
nfl_w15_bryan_cook,NFL.com,Bryan Cook,Chargers,S,unspecified,Listed,Bryan Cook - Full Participation in Practice,https://www.nfl.com/injuries/,2025-12-10T17:50:16.328409
nfl_w15_noah_gray,NFL.com,Noah Gray,Chargers,TE,unspecified,Listed,Noah Gray - Full Participation in Practice,https://www.nfl.com/injuries/,2025-12-10T17:50:16.328409
nfl_w15_patrick_mahomes,NFL.com,Patrick Mahomes,Chargers,QB,unspecified,Listed,Patrick Mahomes - Full Participation in Practice,https://www.nfl.com/injuries/,2025-12-10T17:50:16.328409
nfl_w15_trent_mcduffie,NFL.com,Trent McDuffie,Chargers,CB,unspecified,Listed,Trent McDuffie - Limited Participation in Practice,https://www.nfl.com/injuries/,2025-12-10T17:50:16.328409
nfl_w15_wanya_morris,NFL.com,Wanya Morris,Chargers,T,unspecified,Listed,Wanya Morris - Did Not Participate In Practice,https://www.nfl.com/injuries/,2025-12-10T17:50:16.328409
nfl_w15_nikko_remigio,NFL.com,Nikko Remigio,Chargers,WR,unspecified,Listed,Nikko Remigio - Full Participation in Practice,https://www.nfl.com/injuries/,2025-12-10T17:50:16.328409
nfl_w15_rashee_rice,NFL.com,Rashee Rice,Chargers,WR,unspecified,Listed,Rashee Rice - Full Participation in Practice,https://www.nfl.com/injuries/,2025-12-10T17:50:16.328409
nfl_w15_trey_smith,NFL.com,Trey Smith,Chargers,G,unspecified,Listed,Trey Smith - Full Participation in Practice,https://www.nfl.com/injuries/,2025-12-10T17:50:16.328409
nfl_w15_juju_smith-schuster,NFL.com,JuJu Smith-Schuster,Chargers,WR,unspecified,Listed,JuJu Smith-Schuster - Full Participation in Practice,https://www.nfl.com/injuries/,2025-12-10T17:50:16.328409
nfl_w15_jawaan_taylor,NFL.com,Jawaan Taylor,Chargers,T,unspecified,Listed,Jawaan Taylor - Did Not Participate In Practice,https://www.nfl.com/injuries/,2025-12-10T17:50:16.328409
nfl_w15_brenden_bates,NFL.com,Brenden Bates,Browns,TE,unspecified,Listed,Brenden Bates - Limited Participation in Practice,https://www.nfl.com/injuries/,2025-12-10T17:50:16.328409
nfl_w15_joel_bitonio,NFL.com,Joel Bitonio,Browns,G,unspecified,Listed,Joel Bitonio - Did Not Participate In Practice,https://www.nfl.com/injuries/,2025-12-10T17:50:16.328409
nfl_w15_tyson_campbell,NFL.com,Tyson Campbell,Browns,CB,unspecified,Listed,Tyson Campbell - Limited Participation in Practice,https://www.nfl.com/injuries/,2025-12-10T17:50:16.328409
nfl_w15_jack_conklin,NFL.com,Jack Conklin,Browns,T,unspecified,Listed,Jack Conklin - Did Not Participate In Practice,https://www.nfl.com/injuries/,2025-12-10T17:50:16.328409
nfl_w15_malachi_corley,NFL.com,Malachi Corley,Browns,WR,unspecified,Listed,Malachi Corley - Limited Participation in Practice,https://www.nfl.com/injuries/,2025-12-10T17:50:16.328409
nfl_w15_grant_delpit,NFL.com,Grant Delpit,Browns,S,unspecified,Listed,Grant Delpit - Did Not Participate In Practice,https://www.nfl.com/injuries/,2025-12-10T17:50:16.328409
nfl_w15_mason_graham,NFL.com,Mason Graham,Browns,DT,unspecified,Listed,Mason Graham - Did Not Participate In Practice,https://www.nfl.com/injuries/,2025-12-10T17:50:16.328409
nfl_w15_adin_huntington,NFL.com,Adin Huntington,Browns,DT,unspecified,Listed,Adin Huntington - Did Not Participate In Practice,https://www.nfl.com/injuries/,2025-12-10T17:50:16.328409
nfl_w15_rayshawn_jenkins,NFL.com,Rayshawn Jenkins,Browns,S,unspecified,Listed,Rayshawn Jenkins - Limited Participation in Practice,https://www.nfl.com/injuries/,2025-12-10T17:50:16.328409
nfl_w15_david_njoku,NFL.com,David Njoku,Browns,TE,unspecified,Listed,David Njoku - Did Not Participate In Practice,https://www.nfl.com/injuries/,2025-12-10T17:50:16.328409
nfl_w15_dylan_sampson,NFL.com,Dylan Sampson,Browns,RB,unspecified,Listed,Dylan Sampson - Did Not Participate In Practice,https://www.nfl.com/injuries/,2025-12-10T17:50:16.328409
nfl_w15_carson_schwesinger,NFL.com,Carson Schwesinger,Browns,LB,unspecified,Listed,Carson Schwesinger - Limited Participation in Practice,https://www.nfl.com/injuries/,2025-12-10T17:50:16.328409
nfl_w15_wyatt_teller,NFL.com,Wyatt Teller,Browns,G,unspecified,Listed,Wyatt Teller - Did Not Participate In Practice,https://www.nfl.com/injuries/,2025-12-10T17:50:16.328409
nfl_w15_cedric_tillman,NFL.com,Cedric Tillman,Browns,WR,unspecified,Listed,Cedric Tillman - Did Not Participate In Practice,https://www.nfl.com/injuries/,2025-12-10T17:50:16.328409
nfl_w15_denzel_ward,NFL.com,Denzel Ward,Browns,CB,unspecified,Listed,Denzel Ward - Did Not Participate In Practice,https://www.nfl.com/injuries/,2025-12-10T17:50:16.328409
nfl_w15_deshaun_watson,NFL.com,Deshaun Watson,Browns,QB,unspecified,Listed,Deshaun Watson - Limited Participation in Practice,https://www.nfl.com/injuries/,2025-12-10T17:50:16.328409
nfl_w15_kyler_gordon,NFL.com,Kyler Gordon,Bears,CB,unspecified,Listed,Kyler Gordon - Did Not Participate In Practice,https://www.nfl.com/injuries/,2025-12-10T17:50:16.328409
nfl_w15_travis_homer,NFL.com,Travis Homer,Bears,RB,unspecified,Listed,Travis Homer - Did Not Participate In Practice,https://www.nfl.com/injuries/,2025-12-10T17:50:16.328409
nfl_w15_ruben_hyppolite_ii,NFL.com,Ruben Hyppolite II,Bears,LB,unspecified,Listed,Ruben Hyppolite II - Full Participation in Practice,https://www.nfl.com/injuries/,2025-12-10T17:50:16.328409
nfl_w15_jaylon_johnson,NFL.com,Jaylon Johnson,Bears,CB,unspecified,Listed,Jaylon Johnson - Full Participation in Practice,https://www.nfl.com/injuries/,2025-12-10T17:50:16.328409
nfl_w15_rome_odunze,NFL.com,Rome Odunze,Bears,WR,unspecified,Listed,Rome Odunze - Limited Participation in Practice,https://www.nfl.com/injuries/,2025-12-10T17:50:16.328409
nfl_w15_tyrique_stevenson,NFL.com,Tyrique Stevenson,Bears,CB,unspecified,Listed,Tyrique Stevenson - Limited Participation in Practice,https://www.nfl.com/injuries/,2025-12-10T17:50:16.328409
nfl_w15_olamide_zaccheaus,NFL.com,Olamide Zaccheaus,Bears,WR,unspecified,Listed,Olamide Zaccheaus - Limited Participation in Practice,https://www.nfl.com/injuries/,2025-12-10T17:50:16.328409
nfl_w15_budda_baker,NFL.com,Budda Baker,Cardinals,S,unspecified,Listed,Budda Baker - Did Not Participate In Practice,https://www.nfl.com/injuries/,2025-12-10T17:50:16.328409
nfl_w15_kelvin_beachum,NFL.com,Kelvin Beachum,Cardinals,T,unspecified,Listed,Kelvin Beachum - Did Not Participate In Practice,https://www.nfl.com/injuries/,2025-12-10T17:50:16.328409
nfl_w15_evan_brown,NFL.com,Evan Brown,Cardinals,G,unspecified,Listed,Evan Brown - Did Not Participate In Practice,https://www.nfl.com/injuries/,2025-12-10T17:50:16.328409
nfl_w15_l.j._collier,NFL.com,L.J. Collier,Cardinals,DE,unspecified,Listed,L.J. Collier - Limited Participation in Practice,https://www.nfl.com/injuries/,2025-12-10T17:50:16.328409
nfl_w15_emari_demercado,NFL.com,Emari Demercado,Cardinals,RB,unspecified,Listed,Emari Demercado - Limited Participation in Practice,https://www.nfl.com/injuries/,2025-12-10T17:50:16.328409
nfl_w15_marvin_harrison_jr.,NFL.com,Marvin Harrison Jr.,Cardinals,WR,unspecified,Listed,Marvin Harrison Jr. - Did Not Participate In Practice,https://www.nfl.com/injuries/,2025-12-10T17:50:16.328409
nfl_w15_will_johnson,NFL.com,Will Johnson,Cardinals,CB,unspecified,Listed,Will Johnson - Full Participation in Practice,https://www.nfl.com/injuries/,2025-12-10T17:50:16.328409
nfl_w15_paris_johnson_jr.,NFL.com,Paris Johnson Jr.,Cardinals,T,unspecified,Listed,Paris Johnson Jr. - Did Not Participate In Practice,https://www.nfl.com/injuries/,2025-12-10T17:50:16.328409
nfl_w15_christian_jones,NFL.com,Christian Jones,Cardinals,T,unspecified,Listed,Christian Jones - Limited Participation in Practice,https://www.nfl.com/injuries/,2025-12-10T17:50:16.328409
nfl_w15_max_melton,NFL.com,Max Melton,Cardinals,CB,unspecified,Listed,Max Melton - Limited Participation in Practice,https://www.nfl.com/injuries/,2025-12-10T17:50:16.328409
nfl_w15_bilal_nichols,NFL.com,Bilal Nichols,Cardinals,DT,unspecified,Listed,Bilal Nichols - Did Not Participate In Practice,https://www.nfl.com/injuries/,2025-12-10T17:50:16.328409
nfl_w15_walter_nolen,NFL.com,Walter Nolen,Cardinals,DT,unspecified,Listed,Walter Nolen - Limited Participation in Practice,https://www.nfl.com/injuries/,2025-12-10T17:50:16.328409
nfl_w15_josh_sweat,NFL.com,Josh Sweat,Cardinals,LB,unspecified,Listed,Josh Sweat - Did Not Participate In Practice,https://www.nfl.com/injuries/,2025-12-10T17:50:16.328409
nfl_w15_dadrion_taylor-demerson,NFL.com,Dadrion Taylor-Demerson,Cardinals,S,unspecified,Listed,Dadrion Taylor-Demerson - Did Not Participate In Practice,https://www.nfl.com/injuries/,2025-12-10T17:50:16.328409
nfl_w15_jalen_thompson,NFL.com,Jalen Thompson,Cardinals,S,unspecified,Listed,Jalen Thompson - Did Not Participate In Practice,https://www.nfl.com/injuries/,2025-12-10T17:50:16.328409
nfl_w15_dalvin_tomlinson,NFL.com,Dalvin Tomlinson,Cardinals,DT,unspecified,Listed,Dalvin Tomlinson - Did Not Participate In Practice,https://www.nfl.com/injuries/,2025-12-10T17:50:16.328409
nfl_w15_xavier_weaver,NFL.com,Xavier Weaver,Cardinals,WR,unspecified,Listed,Xavier Weaver - Did Not Participate In Practice,https://www.nfl.com/injuries/,2025-12-10T17:50:16.328409
nfl_w15_azeez_al-shaair,NFL.com,Azeez Al-Shaair,Texans,LB,unspecified,Listed,Azeez Al-Shaair - Did Not Participate In Practice,https://www.nfl.com/injuries/,2025-12-10T17:50:16.328409
nfl_w15_denico_autry,NFL.com,Denico Autry,Texans,DE,unspecified,Listed,Denico Autry - Did Not Participate In Practice,https://www.nfl.com/injuries/,2025-12-10T17:50:16.328409
nfl_w15_trent_brown,NFL.com,Trent Brown,Texans,T,unspecified,Listed,Trent Brown - Did Not Participate In Practice,https://www.nfl.com/injuries/,2025-12-10T17:50:16.328409
nfl_w15_harrison_bryant,NFL.com,Harrison Bryant,Texans,TE,unspecified,Listed,Harrison Bryant - Limited Participation in Practice,https://www.nfl.com/injuries/,2025-12-10T17:50:16.328409
nfl_w15_nick_chubb,NFL.com,Nick Chubb,Texans,RB,unspecified,Listed,Nick Chubb - Did Not Participate In Practice,https://www.nfl.com/injuries/,2025-12-10T17:50:16.328409
nfl_w15_jamal_hill,NFL.com,Jamal Hill,Texans,LB,unspecified,Listed,Jamal Hill - Limited Participation in Practice,https://www.nfl.com/injuries/,2025-12-10T17:50:16.328409
nfl_w15_kamari_lassiter,NFL.com,Kamari Lassiter,Texans,CB,unspecified,Listed,Kamari Lassiter - Did Not Participate In Practice,https://www.nfl.com/injuries/,2025-12-10T17:50:16.328409
nfl_w15_woody_marks,NFL.com,Woody Marks,Texans,RB,unspecified,Listed,Woody Marks - Did Not Participate In Practice,https://www.nfl.com/injuries/,2025-12-10T17:50:16.328409
nfl_w15_sheldon_rankins,NFL.com,Sheldon Rankins,Texans,DT,unspecified,Listed,Sheldon Rankins - Did Not Participate In Practice,https://www.nfl.com/injuries/,2025-12-10T17:50:16.328409
nfl_w15_e.j._speed,NFL.com,E.J. Speed,Texans,LB,unspecified,Listed,E.J. Speed - Limited Participation in Practice,https://www.nfl.com/injuries/,2025-12-10T17:50:16.328409
nfl_w15_justin_watson,NFL.com,Justin Watson,Texans,WR,unspecified,Listed,Justin Watson - Limited Participation in Practice,https://www.nfl.com/injuries/,2025-12-10T17:50:16.328409
nfl_w15_chidobe_awuzie,NFL.com,Chidobe Awuzie,Ravens,CB,unspecified,Listed,Chidobe Awuzie - Did Not Participate In Practice,https://www.nfl.com/injuries/,2025-12-10T17:50:16.328409
nfl_w15_lamar_jackson,NFL.com,Lamar Jackson,Ravens,QB,unspecified,Listed,Lamar Jackson - Did Not Participate In Practice,https://www.nfl.com/injuries/,2025-12-10T17:50:16.328409
nfl_w15_keaton_mitchell,NFL.com,Keaton Mitchell,Ravens,RB,unspecified,Listed,Keaton Mitchell - Limited Participation in Practice,https://www.nfl.com/injuries/,2025-12-10T17:50:16.328409
nfl_w15_tavius_robinson,NFL.com,Tavius Robinson,Ravens,LB,unspecified,Listed,Tavius Robinson - Limited Participation in Practice,https://www.nfl.com/injuries/,2025-12-10T17:50:16.328409
nfl_w15_ar'darius_washington,NFL.com,Ar'Darius Washington,Ravens,S,unspecified,Listed,Ar'Darius Washington - Full Participation in Practice,https://www.nfl.com/injuries/,2025-12-10T17:50:16.328409
nfl_w15_nate_wiggins,NFL.com,Nate Wiggins,Ravens,CB,unspecified,Listed,Nate Wiggins - Limited Participation in Practice,https://www.nfl.com/injuries/,2025-12-10T17:50:16.328409
nfl_w15_trey_hendrickson,NFL.com,Trey Hendrickson,Bengals,DE,unspecified,Listed,Trey Hendrickson - Did Not Participate In Practice,https://www.nfl.com/injuries/,2025-12-10T17:50:16.328409
nfl_w15_shaka_heyward,NFL.com,Shaka Heyward,Bengals,LB,unspecified,Listed,Shaka Heyward - Full Participation in Practice,https://www.nfl.com/injuries/,2025-12-10T17:50:16.328409
nfl_w15_tee_higgins,NFL.com,Tee Higgins,Bengals,WR,unspecified,Listed,Tee Higgins - Limited Participation in Practice,https://www.nfl.com/injuries/,2025-12-10T17:50:16.328409
nfl_w15_pj_jules,NFL.com,PJ Jules,Bengals,S,unspecified,Listed,PJ Jules - Did Not Participate In Practice,https://www.nfl.com/injuries/,2025-12-10T17:50:16.328409
nfl_w15_joseph_ossai,NFL.com,Joseph Ossai,Bengals,DE,unspecified,Listed,Joseph Ossai - Full Participation in Practice,https://www.nfl.com/injuries/,2025-12-10T17:50:16.328409
nfl_w15_shemar_stewart,NFL.com,Shemar Stewart,Bengals,DE,unspecified,Listed,Shemar Stewart - Full Participation in Practice,https://www.nfl.com/injuries/,2025-12-10T17:50:16.328409
nfl_w15_jamal_adams,NFL.com,Jamal Adams,Raiders,LB,unspecified,Listed,Jamal Adams - Did Not Participate In Practice,https://www.nfl.com/injuries/,2025-12-10T17:50:16.328409
nfl_w15_alex_bachman,NFL.com,Alex Bachman,Raiders,WR,unspecified,Listed,Alex Bachman - Limited Participation in Practice,https://www.nfl.com/injuries/,2025-12-10T17:50:16.328409
nfl_w15_jeremy_chinn,NFL.com,Jeremy Chinn,Raiders,S,unspecified,Listed,Jeremy Chinn - Did Not Participate In Practice,https://www.nfl.com/injuries/,2025-12-10T17:50:16.328409
nfl_w15_maxx_crosby,NFL.com,Maxx Crosby,Raiders,DE,unspecified,Listed,Maxx Crosby - Did Not Participate In Practice,https://www.nfl.com/injuries/,2025-12-10T17:50:16.328409
nfl_w15_michael_mayer,NFL.com,Michael Mayer,Raiders,TE,unspecified,Listed,Michael Mayer - Limited Participation in Practice,https://www.nfl.com/injuries/,2025-12-10T17:50:16.328409
nfl_w15_jordan_meredith,NFL.com,Jordan Meredith,Raiders,C,unspecified,Listed,Jordan Meredith - Full Participation in Practice,https://www.nfl.com/injuries/,2025-12-10T17:50:16.328409
nfl_w15_kolton_miller,NFL.com,Kolton Miller,Raiders,T,unspecified,Listed,Kolton Miller - Limited Participation in Practice,https://www.nfl.com/injuries/,2025-12-10T17:50:16.328409
nfl_w15_geno_smith,NFL.com,Geno Smith,Raiders,QB,unspecified,Listed,Geno Smith - Did Not Participate In Practice,https://www.nfl.com/injuries/,2025-12-10T17:50:16.328409
nfl_w15_ian_thomas,NFL.com,Ian Thomas,Raiders,TE,unspecified,Listed,Ian Thomas - Did Not Participate In Practice,https://www.nfl.com/injuries/,2025-12-10T17:50:16.328409
nfl_w15_dont'e_thornton_jr.,NFL.com,Dont'e Thornton Jr.,Raiders,WR,unspecified,Listed,Dont'e Thornton Jr. - Limited Participation in Practice,https://www.nfl.com/injuries/,2025-12-10T17:50:16.328409
nfl_w15_tony_adams,NFL.com,Tony Adams,Jets,S,unspecified,Listed,Tony Adams - Full Participation in Practice,https://www.nfl.com/injuries/,2025-12-10T17:50:16.328409
nfl_w15_brady_cook,NFL.com,Brady Cook,Jets,QB,unspecified,Listed,Brady Cook - Full Participation in Practice,https://www.nfl.com/injuries/,2025-12-10T17:50:16.328409
nfl_w15_justin_fields,NFL.com,Justin Fields,Jets,QB,unspecified,Listed,Justin Fields - Did Not Participate In Practice,https://www.nfl.com/injuries/,2025-12-10T17:50:16.328409
nfl_w15_breece_hall,NFL.com,Breece Hall,Jets,RB,unspecified,Listed,Breece Hall - Did Not Participate In Practice,https://www.nfl.com/injuries/,2025-12-10T17:50:16.328409
nfl_w15_jermaine_johnson_ii,NFL.com,Jermaine Johnson II,Jets,DE,unspecified,Listed,Jermaine Johnson II - Did Not Participate In Practice,https://www.nfl.com/injuries/,2025-12-10T17:50:16.328409
nfl_w15_cam_jones,NFL.com,Cam Jones,Jets,LB,unspecified,Listed,Cam Jones - Full Participation in Practice,https://www.nfl.com/injuries/,2025-12-10T17:50:16.328409
nfl_w15_francisco_mauigoa,NFL.com,Francisco Mauigoa,Jets,LB,unspecified,Listed,Francisco Mauigoa - Did Not Participate In Practice,https://www.nfl.com/injuries/,2025-12-10T17:50:16.328409
nfl_w15_harrison_phillips,NFL.com,Harrison Phillips,Jets,DT,unspecified,Listed,Harrison Phillips - Did Not Participate In Practice,https://www.nfl.com/injuries/,2025-12-10T17:50:16.328409
nfl_w15_stone_smartt,NFL.com,Stone Smartt,Jets,TE,unspecified,Listed,Stone Smartt - Did Not Participate In Practice,https://www.nfl.com/injuries/,2025-12-10T17:50:16.328409
nfl_w15_mason_taylor,NFL.com,Mason Taylor,Jets,TE,unspecified,Listed,Mason Taylor - Did Not Participate In Practice,https://www.nfl.com/injuries/,2025-12-10T17:50:16.328409
nfl_w15_tyrod_taylor,NFL.com,Tyrod Taylor,Jets,QB,unspecified,Listed,Tyrod Taylor - Did Not Participate In Practice,https://www.nfl.com/injuries/,2025-12-10T17:50:16.328409
nfl_w15_azareye'h_thomas,NFL.com,Azareye'h Thomas,Jets,CB,unspecified,Listed,Azareye'h Thomas - Did Not Participate In Practice,https://www.nfl.com/injuries/,2025-12-10T17:50:16.328409
nfl_w15_quincy_williams,NFL.com,Quincy Williams,Jets,LB,unspecified,Listed,Quincy Williams - Did Not Participate In Practice,https://www.nfl.com/injuries/,2025-12-10T17:50:16.328409
nfl_w15_arik_armstead,NFL.com,Arik Armstead,Jaguars,DT,unspecified,Listed,Arik Armstead - Full Participation in Practice,https://www.nfl.com/injuries/,2025-12-10T17:50:16.328409
nfl_w15_ezra_cleveland,NFL.com,Ezra Cleveland,Jaguars,G,unspecified,Listed,Ezra Cleveland - Limited Participation in Practice,https://www.nfl.com/injuries/,2025-12-10T17:50:16.328409
nfl_w15_bj_green_ii,NFL.com,BJ Green II,Jaguars,DE,unspecified,Listed,BJ Green II - Limited Participation in Practice,https://www.nfl.com/injuries/,2025-12-10T17:50:16.328409
nfl_w15_jarrian_jones,NFL.com,Jarrian Jones,Jaguars,CB,unspecified,Listed,Jarrian Jones - Full Participation in Practice,https://www.nfl.com/injuries/,2025-12-10T17:50:16.328409
nfl_w15_trevor_lawrence,NFL.com,Trevor Lawrence,Jaguars,QB,unspecified,Listed,Trevor Lawrence - Limited Participation in Practice,https://www.nfl.com/injuries/,2025-12-10T17:50:16.328409
nfl_w15_walker_little,NFL.com,Walker Little,Jaguars,T,unspecified,Listed,Walker Little - Limited Participation in Practice,https://www.nfl.com/injuries/,2025-12-10T17:50:16.328409
nfl_w15_quintin_morris,NFL.com,Quintin Morris,Jaguars,TE,unspecified,Listed,Quintin Morris - Limited Participation in Practice,https://www.nfl.com/injuries/,2025-12-10T17:50:16.328409
nfl_w15_travon_walker,NFL.com,Travon Walker,Jaguars,DE,unspecified,Listed,Travon Walker - Full Participation in Practice,https://www.nfl.com/injuries/,2025-12-10T17:50:16.328409
nfl_w15_parker_washington,NFL.com,Parker Washington,Jaguars,WR,unspecified,Listed,Parker Washington - Limited Participation in Practice,https://www.nfl.com/injuries/,2025-12-10T17:50:16.328409
nfl_w15_andrew_wingard,NFL.com,Andrew Wingard,Jaguars,S,unspecified,Listed,Andrew Wingard - Limited Participation in Practice,https://www.nfl.com/injuries/,2025-12-10T17:50:16.328409
nfl_w15_terrel_bernard,NFL.com,Terrel Bernard,Bills,LB,unspecified,Listed,Terrel Bernard - Limited Participation in Practice,https://www.nfl.com/injuries/,2025-12-10T17:50:16.328409
nfl_w15_cole_bishop,NFL.com,Cole Bishop,Bills,S,unspecified,Listed,Cole Bishop - Full Participation in Practice,https://www.nfl.com/injuries/,2025-12-10T17:50:16.328409
nfl_w15_joey_bosa,NFL.com,Joey Bosa,Bills,DE,unspecified,Listed,Joey Bosa - Limited Participation in Practice,https://www.nfl.com/injuries/,2025-12-10T17:50:16.328409
nfl_w15_spencer_brown,NFL.com,Spencer Brown,Bills,T,unspecified,Listed,Spencer Brown - Limited Participation in Practice,https://www.nfl.com/injuries/,2025-12-10T17:50:16.328409
nfl_w15_dalton_kincaid,NFL.com,Dalton Kincaid,Bills,TE,unspecified,Listed,Dalton Kincaid - Full Participation in Practice,https://www.nfl.com/injuries/,2025-12-10T17:50:16.328409
nfl_w15_dawson_knox,NFL.com,Dawson Knox,Bills,TE,unspecified,Listed,Dawson Knox - Did Not Participate In Practice,https://www.nfl.com/injuries/,2025-12-10T17:50:16.328409
nfl_w15_josh_palmer,NFL.com,Josh Palmer,Bills,WR,unspecified,Listed,Josh Palmer - Limited Participation in Practice,https://www.nfl.com/injuries/,2025-12-10T17:50:16.328409
nfl_w15_christian_barmore,NFL.com,Christian Barmore,Patriots,DT,unspecified,Listed,Christian Barmore - Limited Participation in Practice,https://www.nfl.com/injuries/,2025-12-10T17:50:16.328409
nfl_w15_terrell_jennings,NFL.com,Terrell Jennings,Patriots,RB,unspecified,Listed,Terrell Jennings - Did Not Participate In Practice,https://www.nfl.com/injuries/,2025-12-10T17:50:16.328409
nfl_w15_harold_landry_iii,NFL.com,Harold Landry III,Patriots,LB,unspecified,Listed,Harold Landry III - Limited Participation in Practice,https://www.nfl.com/injuries/,2025-12-10T17:50:16.328409
nfl_w15_vederian_lowe,NFL.com,Vederian Lowe,Patriots,T,unspecified,Listed,Vederian Lowe - Limited Participation in Practice,https://www.nfl.com/injuries/,2025-12-10T17:50:16.328409
nfl_w15_brenden_schooler,NFL.com,Brenden Schooler,Patriots,S,unspecified,Listed,Brenden Schooler - Full Participation in Practice,https://www.nfl.com/injuries/,2025-12-10T17:50:16.328409
nfl_w15_khyiris_tonga,NFL.com,Khyiris Tonga,Patriots,DT,unspecified,Listed,Khyiris Tonga - Full Participation in Practice,https://www.nfl.com/injuries/,2025-12-10T17:50:16.328409
nfl_w15_jared_wilson,NFL.com,Jared Wilson,Patriots,G,unspecified,Listed,Jared Wilson - Full Participation in Practice,https://www.nfl.com/injuries/,2025-12-10T17:50:16.328409
nfl_w15_noah_brown,NFL.com,Noah Brown,Commanders,WR,unspecified,Listed,Noah Brown - Full Participation in Practice,https://www.nfl.com/injuries/,2025-12-10T17:50:16.328409
nfl_w15_jayden_daniels,NFL.com,Jayden Daniels,Commanders,QB,unspecified,Listed,Jayden Daniels - Limited Participation in Practice,https://www.nfl.com/injuries/,2025-12-10T17:50:16.328409
nfl_w15_george_fant,NFL.com,George Fant,Commanders,T,unspecified,Listed,George Fant - Full Participation in Practice,https://www.nfl.com/injuries/,2025-12-10T17:50:16.328409
nfl_w15_drake_jackson,NFL.com,Drake Jackson,Commanders,DE,unspecified,Listed,Drake Jackson - Did Not Participate In Practice,https://www.nfl.com/injuries/,2025-12-10T17:50:16.328409
nfl_w15_jonathan_jones,NFL.com,Jonathan Jones,Commanders,CB,unspecified,Listed,Jonathan Jones - Did Not Participate In Practice,https://www.nfl.com/injuries/,2025-12-10T17:50:16.328409
nfl_w15_von_miller,NFL.com,Von Miller,Commanders,LB,unspecified,Listed,Von Miller - Did Not Participate In Practice,https://www.nfl.com/injuries/,2025-12-10T17:50:16.328409
nfl_w15_chris_rodriguez_jr.,NFL.com,Chris Rodriguez Jr.,Commanders,RB,unspecified,Listed,Chris Rodriguez Jr. - Did Not Participate In Practice,https://www.nfl.com/injuries/,2025-12-10T17:50:16.328409
nfl_w15_laremy_tunsil,NFL.com,Laremy Tunsil,Commanders,T,unspecified,Listed,Laremy Tunsil - Did Not Participate In Practice,https://www.nfl.com/injuries/,2025-12-10T17:50:16.328409
nfl_w15_bobby_wagner,NFL.com,Bobby Wagner,Commanders,LB,unspecified,Listed,Bobby Wagner - Did Not Participate In Practice,https://www.nfl.com/injuries/,2025-12-10T17:50:16.328409
nfl_w15_korie_black,NFL.com,Korie Black,Giants,CB,unspecified,Listed,Korie Black - Full Participation in Practice,https://www.nfl.com/injuries/,2025-12-10T17:50:16.328409
nfl_w15_beaux_collins,NFL.com,Beaux Collins,Giants,WR,unspecified,Listed,Beaux Collins - Full Participation in Practice,https://www.nfl.com/injuries/,2025-12-10T17:50:16.328409
nfl_w15_dj_davidson,NFL.com,DJ Davidson,Giants,DT,unspecified,Listed,DJ Davidson - Did Not Participate In Practice,https://www.nfl.com/injuries/,2025-12-10T17:50:16.328409
nfl_w15_victor_dimukeje,NFL.com,Victor Dimukeje,Giants,LB,unspecified,Listed,Victor Dimukeje - Did Not Participate In Practice,https://www.nfl.com/injuries/,2025-12-10T17:50:16.328409
nfl_w15_joshua_ezeudu,NFL.com,Joshua Ezeudu,Giants,G,unspecified,Listed,Joshua Ezeudu - Full Participation in Practice,https://www.nfl.com/injuries/,2025-12-10T17:50:16.328409
nfl_w15_demetrius_flannigan-fowles,NFL.com,Demetrius Flannigan-Fowles,Giants,LB,unspecified,Listed,Demetrius Flannigan-Fowles - Full Participation in Practice,https://www.nfl.com/injuries/,2025-12-10T17:50:16.328409
nfl_w15_jamie_gillan,NFL.com,Jamie Gillan,Giants,P,unspecified,Listed,Jamie Gillan - Did Not Participate In Practice,https://www.nfl.com/injuries/,2025-12-10T17:50:16.328409
nfl_w15_art_green,NFL.com,Art Green,Giants,CB,unspecified,Listed,Art Green - Full Participation in Practice,https://www.nfl.com/injuries/,2025-12-10T17:50:16.328409
nfl_w15_theo_johnson,NFL.com,Theo Johnson,Giants,TE,unspecified,Listed,Theo Johnson - Limited Participation in Practice,https://www.nfl.com/injuries/,2025-12-10T17:50:16.328409
nfl_w15_nic_jones,NFL.com,Nic Jones,Giants,CB,unspecified,Listed,Nic Jones - Did Not Participate In Practice,https://www.nfl.com/injuries/,2025-12-10T17:50:16.328409
nfl_w15_darius_muasau,NFL.com,Darius Muasau,Giants,LB,unspecified,Listed,Darius Muasau - Full Participation in Practice,https://www.nfl.com/injuries/,2025-12-10T17:50:16.328409
nfl_w15_rakeem_nunez-roches,NFL.com,Rakeem Nunez-Roches,Giants,DT,unspecified,Listed,Rakeem Nunez-Roches - Did Not Participate In Practice,https://www.nfl.com/injuries/,2025-12-10T17:50:16.328409
nfl_w15_gunner_olszewski,NFL.com,Gunner Olszewski,Giants,WR,unspecified,Listed,Gunner Olszewski - Did Not Participate In Practice,https://www.nfl.com/injuries/,2025-12-10T17:50:16.328409
nfl_w15_kayvon_thibodeaux,NFL.com,Kayvon Thibodeaux,Giants,LB,unspecified,Listed,Kayvon Thibodeaux - Did Not Participate In Practice,https://www.nfl.com/injuries/,2025-12-10T17:50:16.328409
nfl_w15_tyrone_tracy_jr.,NFL.com,Tyrone Tracy Jr.,Giants,RB,unspecified,Listed,Tyrone Tracy Jr. - Full Participation in Practice,https://www.nfl.com/injuries/,2025-12-10T17:50:16.328409
nfl_w15_greg_van_roten,NFL.com,Greg Van Roten,Giants,G,unspecified,Listed,Greg Van Roten - Did Not Participate In Practice,https://www.nfl.com/injuries/,2025-12-10T17:50:16.328409
nfl_w15_claudin_cherelus,NFL.com,Claudin Cherelus,Panthers,LB,unspecified,Listed,Claudin Cherelus - Limited Participation in Practice,https://www.nfl.com/injuries/,2025-12-10T17:50:16.328409
nfl_w15_jaycee_horn,NFL.com,Jaycee Horn,Panthers,CB,unspecified,Listed,Jaycee Horn - Limited Participation in Practice,https://www.nfl.com/injuries/,2025-12-10T17:50:16.328409
nfl_w15_cade_mays,NFL.com,Cade Mays,Panthers,C,unspecified,Listed,Cade Mays - Full Participation in Practice,https://www.nfl.com/injuries/,2025-12-10T17:50:16.328409
nfl_w15_lathan_ransom,NFL.com,Lathan Ransom,Panthers,S,unspecified,Listed,Lathan Ransom - Full Participation in Practice,https://www.nfl.com/injuries/,2025-12-10T17:50:16.328409
nfl_w15_christian_rozeboom,NFL.com,Christian Rozeboom,Panthers,LB,unspecified,Listed,Christian Rozeboom - Full Participation in Practice,https://www.nfl.com/injuries/,2025-12-10T17:50:16.328409
nfl_w15_taliese_fuaga,NFL.com,Taliese Fuaga,Saints,T,unspecified,Listed,Taliese Fuaga - Limited Participation in Practice,https://www.nfl.com/injuries/,2025-12-10T17:50:16.328409
nfl_w15_alvin_kamara,NFL.com,Alvin Kamara,Saints,RB,unspecified,Listed,Alvin Kamara - Did Not Participate In Practice,https://www.nfl.com/injuries/,2025-12-10T17:50:16.328409
nfl_w15_devin_neal,NFL.com,Devin Neal,Saints,RB,unspecified,Listed,Devin Neal - Limited Participation in Practice,https://www.nfl.com/injuries/,2025-12-10T17:50:16.328409
nfl_w15_justin_reid,NFL.com,Justin Reid,Saints,S,unspecified,Listed,Justin Reid - Did Not Participate In Practice,https://www.nfl.com/injuries/,2025-12-10T17:50:16.328409
nfl_w15_asim_richards,NFL.com,Asim Richards,Saints,T,unspecified,Listed,Asim Richards - Did Not Participate In Practice,https://www.nfl.com/injuries/,2025-12-10T17:50:16.328409
nfl_w15_chris_rumph_ii,NFL.com,Chris Rumph II,Saints,DE,unspecified,Listed,Chris Rumph II - Limited Participation in Practice,https://www.nfl.com/injuries/,2025-12-10T17:50:16.328409
nfl_w15_alex_anzalone,NFL.com,Alex Anzalone,Lions,LB,unspecified,Listed,Alex Anzalone - Did Not Participate In Practice,https://www.nfl.com/injuries/,2025-12-10T17:50:16.328409
nfl_w15_kayode_awosika,NFL.com,Kayode Awosika,Lions,G,unspecified,Listed,Kayode Awosika - Limited Participation in Practice,https://www.nfl.com/injuries/,2025-12-10T17:50:16.328409
nfl_w15_brian_branch,NFL.com,Brian Branch,Lions,S,unspecified,Listed,Brian Branch - Did Not Participate In Practice,https://www.nfl.com/injuries/,2025-12-10T17:50:16.328409
nfl_w15_taylor_decker,NFL.com,Taylor Decker,Lions,T,unspecified,Listed,Taylor Decker - Did Not Participate In Practice,https://www.nfl.com/injuries/,2025-12-10T17:50:16.328409
nfl_w15_thomas_harper,NFL.com,Thomas Harper,Lions,S,unspecified,Listed,Thomas Harper - Limited Participation in Practice,https://www.nfl.com/injuries/,2025-12-10T17:50:16.328409
nfl_w15_kerby_joseph,NFL.com,Kerby Joseph,Lions,S,unspecified,Listed,Kerby Joseph - Limited Participation in Practice,https://www.nfl.com/injuries/,2025-12-10T17:50:16.328409
nfl_w15_christian_mahogany,NFL.com,Christian Mahogany,Lions,G,unspecified,Listed,Christian Mahogany - Limited Participation in Practice,https://www.nfl.com/injuries/,2025-12-10T17:50:16.328409
nfl_w15_kalif_raymond,NFL.com,Kalif Raymond,Lions,WR,unspecified,Listed,Kalif Raymond - Limited Participation in Practice,https://www.nfl.com/injuries/,2025-12-10T17:50:16.328409
nfl_w15_sione_vaki,NFL.com,Sione Vaki,Lions,RB,unspecified,Listed,Sione Vaki - Limited Participation in Practice,https://www.nfl.com/injuries/,2025-12-10T17:50:16.328409
nfl_w15_shane_zylstra,NFL.com,Shane Zylstra,Lions,TE,unspecified,Listed,Shane Zylstra - Limited Participation in Practice,https://www.nfl.com/injuries/,2025-12-10T17:50:16.328409
nfl_w15_deforest_buckner,NFL.com,DeForest Buckner,Colts,DT,unspecified,Listed,DeForest Buckner - Limited Participation in Practice,https://www.nfl.com/injuries/,2025-12-10T17:50:16.328409
nfl_w15_josh_downs,NFL.com,Josh Downs,Colts,WR,unspecified,Listed,Josh Downs - Full Participation in Practice,https://www.nfl.com/injuries/,2025-12-10T17:50:16.328409
nfl_w15_zaire_franklin,NFL.com,Zaire Franklin,Colts,LB,unspecified,Listed,Zaire Franklin - Full Participation in Practice,https://www.nfl.com/injuries/,2025-12-10T17:50:16.328409
nfl_w15_sauce_gardner,NFL.com,Sauce Gardner,Colts,CB,unspecified,Listed,Sauce Gardner - Did Not Participate In Practice,https://www.nfl.com/injuries/,2025-12-10T17:50:16.328409
nfl_w15_anthony_gould,NFL.com,Anthony Gould,Colts,WR,unspecified,Listed,Anthony Gould - Did Not Participate In Practice,https://www.nfl.com/injuries/,2025-12-10T17:50:16.328409
nfl_w15_jaylon_jones,NFL.com,Jaylon Jones,Colts,CB,unspecified,Listed,Jaylon Jones - Full Participation in Practice,https://www.nfl.com/injuries/,2025-12-10T17:50:16.328409
nfl_w15_riley_leonard,NFL.com,Riley Leonard,Colts,QB,unspecified,Listed,Riley Leonard - Full Participation in Practice,https://www.nfl.com/injuries/,2025-12-10T17:50:16.328409
nfl_w15_tyquan_lewis,NFL.com,Tyquan Lewis,Colts,DE,unspecified,Listed,Tyquan Lewis - Did Not Participate In Practice,https://www.nfl.com/injuries/,2025-12-10T17:50:16.328409
nfl_w15_alec_pierce,NFL.com,Alec Pierce,Colts,WR,unspecified,Listed,Alec Pierce - Full Participation in Practice,https://www.nfl.com/injuries/,2025-12-10T17:50:16.328409
nfl_w15_braden_smith,NFL.com,Braden Smith,Colts,T,unspecified,Listed,Braden Smith - Did Not Participate In Practice,https://www.nfl.com/injuries/,2025-12-10T17:50:16.328409
nfl_w15_hakeem_adeniji,NFL.com,Hakeem Adeniji,Vikings,T,unspecified,Listed,Hakeem Adeniji - Full Participation in Practice,https://www.nfl.com/injuries/,2025-12-10T17:50:16.328409
nfl_w15_jadeveon_clowney,NFL.com,Jadeveon Clowney,Vikings,DE,unspecified,Listed,Jadeveon Clowney - Limited Participation in Practice,https://www.nfl.com/injuries/,2025-12-10T17:50:16.328409
nfl_w15_trevon_diggs,NFL.com,Trevon Diggs,Vikings,CB,unspecified,Listed,Trevon Diggs - Limited Participation in Practice,https://www.nfl.com/injuries/,2025-12-10T17:50:16.328409
nfl_w15_jake_ferguson,NFL.com,Jake Ferguson,Vikings,TE,unspecified,Listed,Jake Ferguson - Limited Participation in Practice,https://www.nfl.com/injuries/,2025-12-10T17:50:16.328409
nfl_w15_tyler_guyton,NFL.com,Tyler Guyton,Vikings,T,unspecified,Listed,Tyler Guyton - Did Not Participate In Practice,https://www.nfl.com/injuries/,2025-12-10T17:50:16.328409
nfl_w15_malik_hooker,NFL.com,Malik Hooker,Vikings,S,unspecified,Listed,Malik Hooker - Did Not Participate In Practice,https://www.nfl.com/injuries/,2025-12-10T17:50:16.328409
nfl_w15_ceedee_lamb,NFL.com,CeeDee Lamb,Vikings,WR,unspecified,Listed,CeeDee Lamb - Limited Participation in Practice,https://www.nfl.com/injuries/,2025-12-10T17:50:16.328409
nfl_w15_hunter_luepke,NFL.com,Hunter Luepke,Vikings,FB,unspecified,Listed,Hunter Luepke - Limited Participation in Practice,https://www.nfl.com/injuries/,2025-12-10T17:50:16.328409
nfl_w15_shavon_revel_jr.,NFL.com,Shavon Revel Jr.,Vikings,CB,unspecified,Listed,Shavon Revel Jr. - Limited Participation in Practice,https://www.nfl.com/injuries/,2025-12-10T17:50:16.328409
nfl_w15_donovan_wilson,NFL.com,Donovan Wilson,Vikings,S,unspecified,Listed,Donovan Wilson - Limited Participation in Practice,https://www.nfl.com/injuries/,2025-12-10T17:50:16.328409
1998883554961535049,Twitter,,,,foot,,Rome Odunze (foot) listed as limited in practice Wednesday.,https://x.com/UnderdogNFL/status/1998883554961535049,2025-12-10T22:32:31+00:00
1998880899493195887,Twitter,,,,ribs,,"Nick Chubb (ribs), Woody Marks (knee) don't practice Wednesday.",https://x.com/UnderdogNFL/status/1998880899493195887,2025-12-10T22:21:58+00:00
1998880704994882045,Twitter,,,,ankle,,Emari Demercado (ankle) limited in practice Wednesday.,https://x.com/UnderdogNFL/status/1998880704994882045,2025-12-10T22:21:12+00:00
1998871841805578263,Twitter,,,,concussion,,CeeDee Lamb (concussion) limited in practice Wednesday.,https://x.com/UnderdogNFL/status/1998871841805578263,2025-12-10T21:45:58+00:00
1998869356248445401,Twitter,,,,neck,,Mason Taylor (neck) doesn't practice Wednesday.,https://x.com/UnderdogNFL/status/1998869356248445401,2025-12-10T21:36:06+00:00
1998869306566914354,Twitter,,,,knee,,"Justin Fields (knee), Tyrod Taylor (groin) don't practice Wednesday.",https://x.com/UnderdogNFL/status/1998869306566914354,2025-12-10T21:35:54+00:00
1998867454970535968,Twitter,,,,hip,,Parker Washington (hip) limited in practice Wednesday.,https://x.com/UnderdogNFL/status/1998867454970535968,2025-12-10T21:28:33+00:00
1998863339053801703,Twitter,,,,knee,,Bengals EDGE Shemar Stewart (knee) fully practices Wednesday.,https://x.com/UnderdogNFL/status/1998863339053801703,2025-12-10T21:12:11+00:00
1998862883158188440,Twitter,,,,knee,,Riley Leonard (knee) fully practices Wednesday.,https://x.com/UnderdogNFL/status/1998862883158188440,2025-12-10T21:10:23+00:00
1998860779332972828,Twitter,,,,groin,,Chris Rodriguez (groin) doesn't practice Wednesday.,https://x.com/UnderdogNFL/status/1998860779332972828,2025-12-10T21:02:01+00:00
1998859970637607037,Twitter,,,,hip,,Tyrone Tracy Jr. (hip) fully practices Wednesday.,https://x.com/UnderdogNFL/status/1998859970637607037,2025-12-10T20:58:48+00:00
1998854913376604449,Twitter,,,,ribs,,Nick Chubb (ribs) considered day-to-day.,https://x.com/UnderdogNFL/status/1998854913376604449,2025-12-10T20:38:42+00:00
1998845499332505964,Twitter,,,,neck,,"Mike Evans (collarbone), Jalen McMillan (neck) officially activated to 53-man roster.

Both are questionable for Thursday.",https://x.com/UnderdogNFL/status/1998845499332505964,2025-12-10T20:01:18+00:00
1998838867722399904,Twitter,,,,quad,,Rico Dowdle (quad) doesn't practice Wednesday.,https://x.com/UnderdogNFL/status/1998838867722399904,2025-12-10T19:34:57+00:00
1998837205226193166,Twitter,,,,oblique,,Bucs LT Tristan Wirfs (oblique) not listed on injury report for Thursday.,https://x.com/UnderdogNFL/status/1998837205226193166,2025-12-10T19:28:20+00:00
1998835028391084219,Twitter,,,,ankle,,Joshua Palmer (ankle) limited in practice Wednesday.,https://x.com/UnderdogNFL/status/1998835028391084219,2025-12-10T19:19:41+00:00
1998832749793439749,Twitter,,,,shoulder,,Rap: Geno Smith (shoulder) unlikely to start Week 15.,https://x.com/UnderdogNFL/status/1998832749793439749,2025-12-10T19:10:38+00:00
1998824740513874078,Twitter,,,,knee,,Kyle Pitts (knee) listed questionable for Thursday.,https://x.com/UnderdogNFL/status/1998824740513874078,2025-12-10T18:38:49+00:00
1998824511701934191,Twitter,,,,knee,,"Drake London (knee) ruled out for Thursday, per @marcraimondi.",https://x.com/UnderdogNFL/status/1998824511701934191,2025-12-10T18:37:54+00:00
1998815287777661280,Twitter,,,,knee,,Bengals EDGE Shemar Stewart (knee) will have 21-day practice window opened.,https://x.com/UnderdogNFL/status/1998815287777661280,2025-12-10T18:01:15+00:00
1998809687672893766,Twitter,,,,knee,,Breece Hall (knee) won't practice Wednesday.,https://x.com/UnderdogNFL/status/1998809687672893766,2025-12-10T17:39:00+00:00
1998795930183885011,Twitter,,,,knee,,Trey Benson (knee) won't be activated from IR this season.,https://x.com/UnderdogNFL/status/1998795930183885011,2025-12-10T16:44:20+00:00
1998792728344424879,Twitter,,,,neck,,Jalen McMillan (neck) questionable for Week 15.,https://x.com/UnderdogNFL/status/1998792728344424879,2025-12-10T16:31:36+00:00
1998792498785956062,Twitter,,,,knee,,Cade Otton (knee) doubtful for Week 15.,https://x.com/UnderdogNFL/status/1998792498785956062,2025-12-10T16:30:42+00:00
1998769761463783630,Twitter,,,,concussion,,"Colts CB Charvarius Ward (concussion) placed on IR.

That's his 3rd time in concussion protocol this season.",https://x.com/UnderdogNFL/status/1998769761463783630,2025-12-10T15:00:21+00:00
